20220102130051_user,6.0.1
20220103143750_UpdateUser,6.0.1
20220103145059_UpdateUser2,6.0.1
20220105193208_Game_ClaimDemand,6.0.1
20220105205446_updateGame,6.0.1
20220107132315_InitModels,6.0.1
20220107140046_InitModels,6.0.1
20220107140557_updatemodel,6.0.1
20220107142135_updatemodel2,6.0.1
20220107152057_genericModels,6.0.1
20220107161907_lastloginToUser,6.0.1
20220107164139_updateUserAndUserProfileAndRoles,6.0.1
20220108202915_removeUserKeyTokens,6.0.1
20220109180516_adjustname,6.0.1
20220109180554_adjustname2,6.0.1
20220109180644_test,6.0.1
20220111153838_SteamGameInfo,6.0.1
20220111191236_refactorTable,6.0.1
20220111191331_refactorTable2,6.0.1
20220111191954_refactorTable3,6.0.1
20220111192312_refactorTable4,6.0.1
20220111193159_refactorTable5,6.0.1
20220111205630_init,6.0.1
